Workbook

Sheet Products
A1: Product | B1: ID | C1: Product Name | D1: Category | E1: Brand | F1: Price | G1: Stock | H1: Solution
A2: P1001 | C2: Laptop | D2: Electronics | E2: Dell | F2: 55000 | G2: 25 | H2: P1006 | I2: =INDEX(C1:C11,MATCH(H2,A1:A11,0)) -> Printer
A3: P1002 | C3: Smartphone | D3: Electronics | E3: Samsung | F3: 32000 | G3: 40
A4: P1003 | C4: Headphones | D4: Electronics | E4: Sony | F4: 4500 | G4: 80 | J4: 2nd
A5: P1004 | C5: Keyboard | D5: Accessories | E5: Logitech | F5: 1800 | G5: 65 | J5: P1008 | K5: =INDEX(F1:F11,MATCH(J5,A1:A11,0)) -> 12000
A6: P1005 | C6: Mouse | D6: Accessories | E6: HP | F6: 900 | G6: 120
A7: P1006 | C7: Printer | D7: Electronics | E7: Canon | F7: 12500 | G7: 18 | J7: 3rd
A8: P1007 | C8: Office Chair | D8: Furniture | E8: Green Soul | F8: 8500 | G8: 20 | I8: P1005 | J8: =INDEX(E1:E10,MATCH(I8,A1:A11,0)) -> HP
A9: P1008 | C9: Office Desk | D9: Furniture | E9: IKEA | F9: 12000 | G9: 15
A10: P1009 | C10: Monitor | D10: Electronics | E10: LG | F10: 16000 | G10: 30 | J10: 4TH
A11: P1010 | C11: Webcam | D11: Accessories | E11: Logitech | F11: 3500 | G11: 50 | J11: P1005 | K11: =INDEX(G1:G11,MATCH(J11,A1:A11,0)) -> 120
J13: 5th
J14: P1004 | K14: =INDEX(D1:D11,MATCH(J14,A1:A11,0)) -> Accessories

Sheet Customers
A1: Customer | B1: ID | C1: Customer Name | D1: City | E1: State | F1: Gender
A2: -------- | B2: ----- | C2: --------------- | D2: ----------- | E2: ---------------- | F2: --------
A3: C001 | C3: Amit Patel | D3: Ahmedabad | E3: Gujarat | F3: Male
A4: C002 | C4: Priya Shah | D4: Surat | E4: Gujarat | F4: Female
A5: C003 | C5: Rahul Mehta | D5: Mumbai | E5: Maharashtra | F5: Male
A6: C004 | C6: Sneha Joshi | D6: Pune | E6: Maharashtra | F6: Female | H6: 1ST
A7: C005 | C7: Arjun Singh | D7: Jaipur | E7: Rajasthan | F7: Male | H7: C007 | I7: =INDEX(C1:C12,MATCH(H7,A1:A12,0)) -> Rohan Gupta
A8: C006 | C8: Neha Verma | D8: Delhi | E8: Delhi | F8: Female
A9: C007 | C9: Rohan Gupta | D9: Indore | E9: Madhya Pradesh | F9: Male | H9: 2nd
A10: C008 | C10: Pooja Sharma | D10: Lucknow | E10: Uttar Pradesh | F10: Female | H10: C010 | I10: =INDEX(D1:D12,MATCH(H10,A1:A12)) -> Kochi
A11: C009 | C11: Karan Desai | D11: Vadodara | E11: Gujarat | F11: Male
A12: C010 | C12: Anjali Nair | D12: Kochi | E12: Kerala | F12: Female | H12: 3rd
H13: C003 | I13: =INDEX(D1:D12,MATCH(H13,A1:A12)) -> Mumbai
H15: 4th
H16: C006 | I16: =INDEX(F1:F12,MATCH(H16,A1:A12)) -> Female

Sheet STORE
A1: Store ID | B1: Store Name | C1: City | D1: State
A2: ---------- | B2: --------------- | C2: ----------- | D2: -------------
A3: S001 | B3: Alpha Store | C3: Ahmedabad | D3: Gujarat
A4: S002 | B4: Beta Store | C4: Surat | D4: Gujarat
A5: S003 | B5: Central Store | C5: Mumbai | D5: Maharashtra
A6: S004 | B6: Digital Hub | C6: Pune | D6: Maharashtra
A7: S005 | B7: Smart World | C7: Jaipur | D7: Rajasthan
G9: S003 | H9: =INDEX(B1:B7,MATCH(G9,A1:A7)) -> Central Store
G11: S005 | H11: =INDEX(C1:C7,MATCH(G11,A1:A7)) -> Jaipur
G13: S002 | H13: =INDEX(D1:D7,MATCH(G13,A1:A7)) -> Gujarat

Sheet sales
A1: Sale ID | B1: Product ID | C1: Customer ID | D1: Quantity | E1: Date | F1: Store ID
A2: --------- | B2: ------------ | C2: ------------- | D2: ---------- | E2: ------------- | F2: ----------
A3: SA001 | B3: P1001 | C3: C001 | D3: 1 | E3: 46023 | F3: S001 | R3: QUANTITY
A4: SA002 | B4: P1005 | C4: C002 | D4: 3 | E4: 46024 | F4: S002 | H4: =INDEX(Products!$C$2:$C$12,MATCH(sales!B4,Products!$A$2:$A$12)) -> Mouse | J4: =INDEX(Customers!$C$1:$C$12,MATCH(sales!C3,sales!$C$1:$C$17,0)) -> Amit Patel | M4: =INDEX(STORE!$B$1:$B$7,MATCH(sales!F3,sales!$F$1:$F$17,0)) -> Alpha Store | P4: =INDEX(Products!$F$1:$F$11,MATCH(sales!B3,sales!$B$1:$B$17,0)) -> 32000 | R4: =D3*P4 -> 32000
A5: SA003 | B5: P1003 | C5: C003 | D5: 2 | E5: 46025 | F5: S003 | H5: =INDEX(Products!$C$2:$C$12,MATCH(sales!B5,Products!$A$2:$A$12)) -> Headphones | J5: =INDEX(Customers!$C$1:$C$12,MATCH(sales!C4,sales!$C$1:$C$17,0)) -> Priya Shah | M5: =INDEX(STORE!$B$1:$B$7,MATCH(sales!F4,sales!$F$1:$F$17,0)) -> Beta Store | P5: =INDEX(Products!$F$1:$F$11,MATCH(sales!B4,sales!$B$1:$B$17,0)) -> 4500 | R5: =D4*P5 -> 13500
A6: SA004 | B6: P1009 | C6: C004 | D6: 1 | E6: 46026 | F6: S004 | H6: =INDEX(Products!$C$2:$C$12,MATCH(sales!B6,Products!$A$2:$A$12)) -> Monitor | J6: =INDEX(Customers!$C$1:$C$12,MATCH(sales!C5,sales!$C$1:$C$17,0)) -> Rahul Mehta | M6: =INDEX(STORE!$B$1:$B$7,MATCH(sales!F5,sales!$F$1:$F$17,0)) -> Central Store | P6: =INDEX(Products!$F$1:$F$11,MATCH(sales!B5,sales!$B$1:$B$17,0)) -> 1800 | R6: =D5*P6 -> 3600
A7: SA005 | B7: P1002 | C7: C005 | D7: 2 | E7: 46027 | F7: S005 | H7: =INDEX(Products!$C$2:$C$12,MATCH(sales!B7,Products!$A$2:$A$12)) -> Smartphone | J7: =INDEX(Customers!$C$1:$C$12,MATCH(sales!C6,sales!$C$1:$C$17,0)) -> Sneha Joshi | M7: =INDEX(STORE!$B$1:$B$7,MATCH(sales!F6,sales!$F$1:$F$17,0)) -> Digital Hub | P7: =INDEX(Products!$F$1:$F$11,MATCH(sales!B6,sales!$B$1:$B$17,0)) -> 900 | R7: =D6*P7 -> 900
A8: SA006 | B8: P1007 | C8: C006 | D8: 1 | E8: 46028 | F8: S001 | H8: =INDEX(Products!$C$2:$C$12,MATCH(sales!B8,Products!$A$2:$A$12)) -> Office Chair | J8: =INDEX(Customers!$C$1:$C$12,MATCH(sales!C7,sales!$C$1:$C$17,0)) -> Arjun Singh | M8: =INDEX(STORE!$B$1:$B$7,MATCH(sales!F7,sales!$F$1:$F$17,0)) -> Smart World | P8: =INDEX(Products!$F$1:$F$11,MATCH(sales!B7,sales!$B$1:$B$17,0)) -> 12500 | R8: =D7*P8 -> 25000
A9: SA007 | B9: P1006 | C9: C007 | D9: 1 | E9: 46029 | F9: S002 | H9: =INDEX(Products!$C$2:$C$12,MATCH(sales!B9,Products!$A$2:$A$12)) -> Printer | J9: =INDEX(Customers!$C$1:$C$12,MATCH(sales!C8,sales!$C$1:$C$17,0)) -> Neha Verma | M9: =INDEX(STORE!$B$1:$B$7,MATCH(sales!F8,sales!$F$1:$F$17,0)) -> Alpha Store | P9: =INDEX(Products!$F$1:$F$11,MATCH(sales!B8,sales!$B$1:$B$17,0)) -> 8500 | R9: =D8*P9 -> 8500
A10: SA008 | B10: P1010 | C10: C008 | D10: 2 | E10: 46030 | F10: S003 | H10: =INDEX(Products!$C$2:$C$12,MATCH(sales!B10,Products!$A$2:$A$12)) -> Webcam | J10: =INDEX(Customers!$C$1:$C$12,MATCH(sales!C9,sales!$C$1:$C$17,0)) -> Rohan Gupta | M10: =INDEX(STORE!$B$1:$B$7,MATCH(sales!F9,sales!$F$1:$F$17,0)) -> Beta Store | P10: =INDEX(Products!$F$1:$F$11,MATCH(sales!B9,sales!$B$1:$B$17,0)) -> 12000 | R10: =D9*P10 -> 12000
A11: SA009 | B11: P1004 | C11: C009 | D11: 4 | E11: 46031 | F11: S004 | H11: =INDEX(Products!$C$2:$C$12,MATCH(sales!B11,Products!$A$2:$A$12)) -> Keyboard | J11: =INDEX(Customers!$C$1:$C$12,MATCH(sales!C10,sales!$C$1:$C$17,0)) -> Pooja Sharma | M11: =INDEX(STORE!$B$1:$B$7,MATCH(sales!F10,sales!$F$1:$F$17,0)) -> Central Store | P11: =INDEX(Products!$F$1:$F$11,MATCH(sales!B10,sales!$B$1:$B$17,0)) -> 16000 | R11: =D10*P11 -> 32000
A12: SA010 | B12: P1008 | C12: C010 | D12: 1 | E12: 46032 | F12: S005 | H12: =INDEX(Products!$C$2:$C$12,MATCH(sales!B12,Products!$A$2:$A$12)) -> Office Desk | J12: =INDEX(Customers!$C$1:$C$12,MATCH(sales!C11,sales!$C$1:$C$17,0)) -> Karan Desai | M12: =INDEX(STORE!$B$1:$B$7,MATCH(sales!F11,sales!$F$1:$F$17,0)) -> Digital Hub | P12: =INDEX(Products!$F$1:$F$11,MATCH(sales!B11,sales!$B$1:$B$17,0)) -> 3500 | R12: =D11*P12 -> 14000
A13: SA011 | B13: P1005 | C13: C001 | D13: 5 | E13: 46033 | F13: S001 | H13: =INDEX(Products!$C$2:$C$12,MATCH(sales!B13,Products!$A$2:$A$12)) -> Mouse | J13: =INDEX(Customers!$C$1:$C$12,MATCH(sales!C12,sales!$C$1:$C$17,0)) -> Anjali Nair | M13: =INDEX(STORE!$B$1:$B$7,MATCH(sales!F12,sales!$F$1:$F$17,0)) -> Smart World | P13: =INDEX(Products!$F$1:$F$11,MATCH(sales!B12,sales!$B$1:$B$17,0)) -> #REF! | R13: =D12*P13 -> #REF!
A14: SA012 | B14: P1003 | C14: C002 | D14: 3 | E14: 46034 | F14: S002 | H14: =INDEX(Products!$C$2:$C$12,MATCH(sales!B14,Products!$A$2:$A$12)) -> Headphones | J14: =INDEX(Customers!$C$1:$C$12,MATCH(sales!C13,sales!$C$1:$C$17,0)) -> Amit Patel | M14: =INDEX(STORE!$B$1:$B$7,MATCH(sales!F13,sales!$F$1:$F$17,0)) -> Alpha Store | P14: =INDEX(Products!$F$1:$F$11,MATCH(sales!B13,sales!$B$1:$B$17,0)) -> 4500 | R14: =D13*P14 -> 22500
A15: SA013 | B15: P1001 | C15: C003 | D15: 1 | E15: 46035 | F15: S003 | H15: =INDEX(Products!$C$2:$C$12,MATCH(sales!B15,Products!$A$2:$A$12)) -> Laptop | J15: =INDEX(Customers!$C$1:$C$12,MATCH(sales!C14,sales!$C$1:$C$17,0)) -> Priya Shah | M15: =INDEX(STORE!$B$1:$B$7,MATCH(sales!F14,sales!$F$1:$F$17,0)) -> Beta Store | P15: =INDEX(Products!$F$1:$F$11,MATCH(sales!B14,sales!$B$1:$B$17,0)) -> 1800 | R15: =D14*P15 -> 5400
... A17: SA015 | B17: P1002 | C17: C005 | D17: 1 | E17: 46037 | F17: S005 | H17: =INDEX(Products!$C$2:$C$12,MATCH(sales!B17,Products!$A$2:$A$12)) -> Smartphone | J17: =INDEX(Customers!$C$1:$C$12,MATCH(sales!C16,sales!$C$1:$C$17,0)) -> Sneha Joshi | M17: =INDEX(STORE!$B$1:$B$7,MATCH(sales!F16,sales!$F$1:$F$17,0)) -> Digital Hub | P17: =INDEX(Products!$F$1:$F$11,MATCH(sales!B16,sales!$B$1:$B$17,0)) -> 900 | R17: =D16*P17 -> 1800

Sheet solution
